stimulus_id,filename,sha256,bytes,channels,sample_width_bytes,sample_rate_hz,frames
521,id=521_genre=popular_c-id=508_e-id=30_ic_category_1.wav,6a6962b66e1d5119842d3326746ec16c7a6f1e6412f8be2761155e4c87a8c3bd,1764124,2,2,44100,441020
522,id=522_genre=popular_c-id=403_e-id=164_ic_category_1.wav,0660560d17b8c4090b449c196f3d604d3cad796b40f0ba36e2614861a4ea5db8,1764124,2,2,44100,441020
523,id=523_genre=popular_c-id=232_e-id=14_ic_category_1.wav,cab71b57bc5caf2de3b95f7c47cd3b725dd2147ee17da1f6adcb433d3eba477d,1764124,2,2,44100,441020
524,id=524_genre=popular_c-id=201_e-id=32_ic_category_1.wav,b249332c4ebf22130312ac6fd670715e8d0cc3495f4920a130da5f4e7ae7e498,1764124,2,2,44100,441020
525,id=525_genre=popular_c-id=485_e-id=166_ic_category_1.wav,f6378a25f51af78eceaa56db89c52372c1748f430ee9b910214e4aba54360ced,1764124,2,2,44100,441020
526,id=526_genre=popular_c-id=309_e-id=64_ic_category_1.wav,9a0b5820942c7bb63cfa357a502745316272e7a17697ce6c32e679a4f827c389,1764124,2,2,44100,441020
527,id=527_genre=popular_c-id=648_e-id=52_ic_category_1.wav,e4b5cfdf51301ce1a4827e030862de00ff2fd467541250c0a1912bea204185a0,1764124,2,2,44100,441020
528,id=528_genre=popular_c-id=562_e-id=150_ic_category_1.wav,c24193ff9be35ec43da7962f8b11ab4ec4dd27c1141336d49feee0ace6aa63df,1764124,2,2,44100,441020
529,id=529_genre=popular_c-id=649_e-id=49_ic_category_1.wav,c578e936decb224473ede87919e400e4f6ac062f674fd0bfff8eb7e52ff224ae,1764124,2,2,44100,441020
530,id=530_genre=popular_c-id=152_e-id=55_ic_category_1.wav,88767f53406e68ea5be0ae24f06da82292999b3f66dfb18fa84e337f58bad762,1764124,2,2,44100,441020
531,id=531_genre=popular_c-id=231_e-id=199_ic_category_1.wav,0fc0a4a50f61a4215c811560c8d8a5f3721e6059d95c12438d539e13a3f7cc67,1764124,2,2,44100,441020
532,id=532_genre=popular_c-id=257_e-id=10_ic_category_1.wav,17897ca84c82b304d13801c5736dbe64e747f5687b67c0bb646c8a1e84a537c7,1764124,2,2,44100,441020
533,id=533_genre=popular_c-id=324_e-id=145_ic_category_1.wav,552201d55361a3aacd3e90e609a8c5f4d0ce88d067c02295bc53b4c239aa5db9,1764124,2,2,44100,441020
534,id=534_genre=popular_c-id=211_e-id=23_ic_category_1.wav,09cf926f68533c3517a375d95af9715f8c74b47c568c7577fee83cb7bb170649,1764124,2,2,44100,441020
535,id=535_genre=popular_c-id=65_e-id=23_ic_category_1.wav,20845e18319f2671f08bcef780f2ba8e9aab803e245bd5147e2a67e2778da6ab,1764124,2,2,44100,441020
536,id=536_genre=popular_c-id=336_e-id=26_ic_category_1.wav,443455914f2e1d579c196fe65adbce2d449cd24827f84f803d78cda498525ab6,1764124,2,2,44100,441020
537,id=537_genre=popular_c-id=392_e-id=55_ic_category_1.wav,4e9003a78c68cc2b7a87948ba474e2ccbe315b4cd11941ec541671fed6603f01,1764124,2,2,44100,441020
538,id=538_genre=popular_c-id=113_e-id=79_ic_category_1.wav,39e1c6a0e2377795d7b00b274dc8f2dccc70d243760c34ec0846ee9d2106a664,1764124,2,2,44100,441020
539,id=539_genre=popular_c-id=278_e-id=8_ic_category_1.wav,b3911c28f77c2d3cd56289de734489a42342bb95069048f9f49a3304d691f835,1764124,2,2,44100,441020
540,id=540_genre=popular_c-id=122_e-id=30_ic_category_1.wav,5879847dd8384971112509fa2c06eb114fcc13123ae9911a6c72a3b740a634a2,1764124,2,2,44100,441020
541,id=541_genre=popular_c-id=125_e-id=57_ic_category_1.wav,c02809ed7d0a24e7135c81311b2933420704910fc721425e37419d765103af6f,1764124,2,2,44100,441020
542,id=542_genre=popular_c-id=175_e-id=55_ic_category_1.wav,12f434ea29e9ac85c79969eb2b91ff5e490cb1f4fe810d4a7cd71f1bd9fa8d54,1764124,2,2,44100,441020
543,id=543_genre=popular_c-id=532_e-id=116_ic_category_1.wav,e949af649612ee9c73a27911df6dbeb001cb5559e2b15cbb808c59c8eddcbb63,1764124,2,2,44100,441020
544,id=544_genre=popular_c-id=446_e-id=224_ic_category_1.wav,00811df9386ae1939198c3012fe699eb0458af0f0e465a5313165b1699ae7a11,1764124,2,2,44100,441020
545,id=545_genre=popular_c-id=646_e-id=8_ic_category_1.wav,967218395bd29d89dc39e4db1546f39ecca7d74dfe8f879433c3c845e3c8c2d8,1764124,2,2,44100,441020
546,id=546_genre=popular_c-id=236_e-id=10_ic_category_1.wav,c454e97c14423d39b8b87892e2d4b600d2d3b905312e62d6fddec1af61338544,1764124,2,2,44100,441020
547,id=547_genre=popular_c-id=444_e-id=57_ic_category_1.wav,d6201b4d637a127032fd1b7559a900c0b656cf6344d3c3535b84fac974204cce,1764124,2,2,44100,441020
548,id=548_genre=popular_c-id=67_e-id=23_ic_category_1.wav,4e9950cefe995d0b25f30044ceb18f6c279429cff4e692890c279560dae561ab,1764124,2,2,44100,441020
549,id=549_genre=popular_c-id=672_e-id=66_ic_category_1.wav,f62b14710dd69d3aa3161618a5615cf1ba704b7a0636e8221af714bf82caa639,1764124,2,2,44100,441020
550,id=550_genre=popular_c-id=3_e-id=84_ic_category_1.wav,ff77bb0675a6f798f69e2e3e1c9fcb7137fc024450b9d973670cc2f70fe21a38,1764124,2,2,44100,441020
551,id=551_genre=popular_c-id=612_e-id=27_ic_category_1.wav,0c6127211b28633381a1cf2783d0d91e5edc6268874aa75b35a68372da293ecb,1764124,2,2,44100,441020
552,id=552_genre=popular_c-id=558_e-id=30_ic_category_1.wav,d0060a3178042b9c4249cd006c778d58e3b0c23753b2bde1426918da70b64da3,1764124,2,2,44100,441020
553,id=553_genre=popular_c-id=720_e-id=6_ic_category_1.wav,1d760e59f0786e1ae867aa0636799340c6f1245b47212cade6f7fdc7527784a3,1764124,2,2,44100,441020
554,id=554_genre=popular_c-id=36_e-id=11_ic_category_1.wav,5f26434237efbb5ef7c9eae8686e3bad42c7ef23711c137826e1f895a4827b9c,1764124,2,2,44100,441020
555,id=555_genre=popular_c-id=174_e-id=59_ic_category_1.wav,cd3fe2059a70cc2ce9d1b47beacbf9ef6069e17d5a3d02b4cf7773a5bda3b702,1764124,2,2,44100,441020
556,id=556_genre=popular_c-id=540_e-id=95_ic_category_1.wav,bfdfb16cda7d058c6f3e6514bbe8d70ead06a3525c5f562ca6ceb9f136c61ae8,1764124,2,2,44100,441020
557,id=557_genre=popular_c-id=150_e-id=51_ic_category_1.wav,4ac21b55d435706763a68c84bba9c2b65466cce8bacf5bbeee2b5a651f61e46c,1764124,2,2,44100,441020
558,id=558_genre=popular_c-id=292_e-id=83_ic_category_1.wav,089031243d3c42cd0a664ef4d2c639c8bf7de702e19467144ee7040e922281f9,1764124,2,2,44100,441020
559,id=559_genre=popular_c-id=464_e-id=15_ic_category_1.wav,d974c7911be8459edb0de24bd8b17f2dc44f6e65368390fde75777fb5656f25d,1764124,2,2,44100,441020
560,id=560_genre=popular_c-id=370_e-id=54_ic_category_1.wav,d72b869cf58d010e07ac9d62740f4137a3c9873b6199375854e28b29dbf6786a,1764124,2,2,44100,441020
561,id=561_genre=popular_c-id=167_e-id=68_ic_category_1.wav,54ea713d9fb285d4691baa59743e0979fef3da521baebb51f9521cfa0c13aaf1,1764124,2,2,44100,441020
562,id=562_genre=popular_c-id=49_e-id=109_ic_category_1.wav,1e3a968507b129a82296203b9ea407c5aae933a1880535ed1d768f4ab1dc387c,1764124,2,2,44100,441020
563,id=563_genre=popular_c-id=287_e-id=75_ic_category_1.wav,51f6928817fb2d8d8466fdaad99cf2e3ce00bfb9b1a0c3c6d5171e0544479cd9,1764124,2,2,44100,441020
564,id=564_genre=popular_c-id=87_e-id=31_ic_category_1.wav,251306a350124d08cb3a53b25315f89e8e6dfaa92ea79bfb3ad3fa62f1ef2426,1764124,2,2,44100,441020
565,id=565_genre=popular_c-id=46_e-id=60_ic_category_1.wav,8e30d69757f5f67cde7b0f7373416394568662f2fe78f5d6fd3978a3cb4cdc0d,1764124,2,2,44100,441020
566,id=566_genre=popular_c-id=17_e-id=135_ic_category_1.wav,948f0799a7ad22a2c3640e8ef40001b341e6c33ffa2c660e968f342021331f22,1764124,2,2,44100,441020
567,id=567_genre=popular_c-id=609_e-id=9_ic_category_1.wav,e185ffe01906c2454af9fd6e19b1982fce2ecfce0fa53bad58ae7e4e8fcdb698,1764124,2,2,44100,441020
568,id=568_genre=popular_c-id=680_e-id=81_ic_category_1.wav,dd3cf4d1fdab1e33cd9c818780dd0a9a0b805dc6938cdacbe934c6df108ee169,1764124,2,2,44100,441020
569,id=569_genre=popular_c-id=9_e-id=20_ic_category_1.wav,68da8dae5c9b3d79eda349c613508a18e15ab0297a51856689ed7062f70ecdac,1764124,2,2,44100,441020
570,id=570_genre=popular_c-id=547_e-id=52_ic_category_1.wav,9f445139fbf73110412912c91081ca66a6cdb2457f26e3cbd3ed83654cbf061f,1764124,2,2,44100,441020
571,id=571_genre=popular_c-id=279_e-id=10_ic_category_1.wav,1a7f2c85465052472e2f6a39de1f61d4978aee96c7a9d99ff24d46d81834f081,1764124,2,2,44100,441020
572,id=572_genre=popular_c-id=331_e-id=23_ic_category_1.wav,bb7f8c75076896c08222cbe5bf1983484a8770d2d6b16aeb20ddcd03b084b7c3,1764124,2,2,44100,441020
573,id=573_genre=popular_c-id=200_e-id=54_ic_category_1.wav,e91b87a45ea6a7af1e13ce6fba81c3d6196c060364b75cc855dc5fc8c07bf3b8,1764124,2,2,44100,441020
574,id=574_genre=popular_c-id=694_e-id=12_ic_category_1.wav,52e9a55b558f20fe0fe1edd895df3a1adac2746cbcf86ca9774df036ad1c538c,1764124,2,2,44100,441020
575,id=575_genre=popular_c-id=340_e-id=14_ic_category_1.wav,5d49fd3fa74b6d4f167243e92899a28c2c03c8a058c62bd62ab956ba89466eb9,1764124,2,2,44100,441020
576,id=576_genre=popular_c-id=470_e-id=139_ic_category_1.wav,8bf275db86a29304b6483c3c7e07508d22ac8c9b34eade835c280300fc280bb8,1764124,2,2,44100,441020
577,id=577_genre=popular_c-id=84_e-id=59_ic_category_1.wav,208839eaf98a37c369e6046a72b77cad2cd8f0e93cf438f457506a8fe29cc0d8,1764124,2,2,44100,441020
578,id=578_genre=popular_c-id=171_e-id=67_ic_category_1.wav,607ad66b0b370e0b41fa021f53760cf8caebfe101ed1a3ee5ae6e7920cad3d50,1764124,2,2,44100,441020
579,id=579_genre=popular_c-id=226_e-id=103_ic_category_1.wav,0c5355741a4f44f6958270fe119e8840891f7859fd1eacb8e2daeb07cbcf4539,1764124,2,2,44100,441020
580,id=580_genre=popular_c-id=425_e-id=145_ic_category_1.wav,c7bc62d74b0d36f9755ede2883b7a5d10ef6d43c9f048f1d59c46eb9b8ed12f6,1764124,2,2,44100,441020
581,id=581_genre=popular_c-id=191_e-id=75_ic_category_1.wav,8047ba6e78e4f07446567597f96bfad0f12c31073114aefa81530a06bd5f7a10,1764124,2,2,44100,441020
582,id=582_genre=popular_c-id=316_e-id=98_ic_category_1.wav,936f1b891df1d0e458fdb67d481f830ad08ee0acfe2e3805a8ed239e183503a3,1764124,2,2,44100,441020
583,id=583_genre=popular_c-id=208_e-id=27_ic_category_1.wav,36af1c16d586dbc97522efce808c489974eb1da76aebd29251432c3e16cfced4,1764124,2,2,44100,441020
584,id=584_genre=popular_c-id=675_e-id=34_ic_category_1.wav,2db1d4f3cf916b09f5060b6940af4b401377a761002786048a6a9bf4d4076c63,1764124,2,2,44100,441020
585,id=585_genre=popular_c-id=264_e-id=70_ic_category_1.wav,eadb1406872510ab236766c55c73fe37e9d7f4d4c1fce3a2c72a34e03db047a9,1764124,2,2,44100,441020
586,id=586_genre=popular_c-id=701_e-id=51_ic_category_1.wav,4e595f5b49eb46734ff4c96352daf50db007277221db593fc752a76be0563d29,1764124,2,2,44100,441020
587,id=587_genre=popular_c-id=117_e-id=40_ic_category_1.wav,3638b6ef0c03ba11906f984a03ffb8667ce22678c0f0c258a030e62ec2e19cc5,1764124,2,2,44100,441020
588,id=588_genre=popular_c-id=68_e-id=33_ic_category_1.wav,8bc94251abc190c0be67e6e3d18c5fafa6207b21fcc64265de738245430083bb,1764124,2,2,44100,441020
589,id=589_genre=popular_c-id=542_e-id=25_ic_category_1.wav,333e9ac0574402b008c9ba0a08c0979c0c4af8d0907f1ca4a8d60366742031a1,1764124,2,2,44100,441020
590,id=590_genre=popular_c-id=407_e-id=84_ic_category_1.wav,ae7e0bb4b14fc056a02bf06218d3502d635a83ee0eebfa42291bb00ba2bec8ee,1764124,2,2,44100,441020
591,id=591_genre=popular_c-id=593_e-id=98_ic_category_1.wav,247a1e652f39ff56a0343d1e5fe45952fbd1bb9ed04178c79180cd401111eb89,1764124,2,2,44100,441020
592,id=592_genre=popular_c-id=462_e-id=223_ic_category_1.wav,04ba0c95578275e8ceac3f53071a22511c9039e9b9a7a0eb87e7f49e39185774,1764124,2,2,44100,441020
593,id=593_genre=popular_c-id=571_e-id=42_ic_category_1.wav,fb4c7291012ce14ee8c287ac20820c6fd2290578c48ed650dd4a8927e8685283,1764124,2,2,44100,441020
594,id=594_genre=popular_c-id=138_e-id=114_ic_category_1.wav,378b9d11019f314f8cc1254784f0da51b032cce5aa39596fb75585fa708185db,1764124,2,2,44100,441020
595,id=595_genre=popular_c-id=237_e-id=18_ic_category_1.wav,609ae3f763892bfc2dbf4885713597765f61fdeb78d99b600a441eb5dc76091d,1764124,2,2,44100,441020
596,id=596_genre=popular_c-id=327_e-id=97_ic_category_1.wav,19b0ccb34ac7831a2c3a49d096d43cef6b810dfece6b5cc0c556833266cd77c0,1764124,2,2,44100,441020
597,id=597_genre=popular_c-id=568_e-id=133_ic_category_1.wav,607b4b7e7ae07402441d1f473adff2c55918d69ecc33a9329dcd0c618e64f912,1764124,2,2,44100,441020
598,id=598_genre=popular_c-id=386_e-id=6_ic_category_1.wav,a77a76565517c69cc0bdafa4e5b6966dc0ef08b877a3be96f71a96f20a650e7c,1764124,2,2,44100,441020
599,id=599_genre=popular_c-id=730_e-id=40_ic_category_1.wav,9f9c9d1fa165757b38864ef73477422cf1e780a23928af45ddf2e07342f46f65,1764124,2,2,44100,441020
600,id=600_genre=popular_c-id=223_e-id=58_ic_category_1.wav,ed9f26f797e69fbc63dd9329688c8e1c684c482fccb6c93d64b03f3b0262296e,1764124,2,2,44100,441020
601,id=601_genre=popular_c-id=595_e-id=71_ic_category_1.wav,393a367cb702455e81eeaaf6074a108f493a14dae26a7488900cc9285f943e85,1764124,2,2,44100,441020
602,id=602_genre=popular_c-id=695_e-id=55_ic_category_1.wav,8cc1b7902905b45f585b1d7f07d389b66c208564992b3927b9d9be80685ad79a,1764124,2,2,44100,441020
603,id=603_genre=popular_c-id=706_e-id=17_ic_category_1.wav,da9b3355d04386dab1a675271fed02bd8782e22b659805eea98e8c2e84497c25,1764124,2,2,44100,441020
604,id=604_genre=popular_c-id=504_e-id=51_ic_category_1.wav,52ee4b50b7a1c3522c4f9b2dcec1848eebdd7bea54b500f0239639bd2b9304f6,1764124,2,2,44100,441020
605,id=605_genre=popular_c-id=30_e-id=31_ic_category_1.wav,c6f682b8149a4bd9d0241963dc0923c3b12237d28d231ac926fedf54b6d778ac,1764124,2,2,44100,441020
606,id=606_genre=popular_c-id=474_e-id=49_ic_category_1.wav,e7327b736058c58e0c80ef0691bbbeb07b0b349e4bfdaa641bfcb11f2898b11b,1764124,2,2,44100,441020
607,id=607_genre=popular_c-id=245_e-id=190_ic_category_1.wav,e0bfff42f02981b8f00b850b19a19dbea25478eea798e11b0a3d93cf20b628d3,1764124,2,2,44100,441020
608,id=608_genre=popular_c-id=721_e-id=10_ic_category_1.wav,5201b6c4f7602e8723b3094cbe3fb4e94e3c8a269f2f85740f85b43f7a976629,1764124,2,2,44100,441020
609,id=609_genre=popular_c-id=344_e-id=81_ic_category_1.wav,0b556c908383b6d1969d5043982dd18e1f8d90b7de6c6de2defcec89f7a01c97,1764124,2,2,44100,441020
610,id=610_genre=popular_c-id=103_e-id=49_ic_category_1.wav,d467d474a760dc932e1616b2f4c9f1785741cae677ea473fe590316049509d20,1764124,2,2,44100,441020
611,id=611_genre=popular_c-id=188_e-id=28_ic_category_1.wav,9eeeadb0d4300ccf49e828d6e1484ae525321cf96119575a1930ec664936c572,1764124,2,2,44100,441020
612,id=612_genre=popular_c-id=134_e-id=7_ic_category_1.wav,13b271d0e7e0b959cf61f562e9025fa63a476efec0067f61f87f7f078d163603,1764124,2,2,44100,441020
613,id=613_genre=popular_c-id=596_e-id=22_ic_category_1.wav,7d3240591768ea08cae1781e2c0214bb507f0b9194440550ada90c1249b671ee,1764124,2,2,44100,441020
614,id=614_genre=popular_c-id=457_e-id=9_ic_category_1.wav,e3285db11b3588ab4929c0a4d2b7e5b7d3eaaabd54e59e2f28e6bfa4ecc683ea,1764124,2,2,44100,441020
615,id=615_genre=popular_c-id=187_e-id=59_ic_category_1.wav,c8241be84fb6f8d69d8b1f268c59c14cdc4d685386688f7cecefbe1b58ce6de4,1764124,2,2,44100,441020
616,id=616_genre=popular_c-id=248_e-id=27_ic_category_1.wav,6efa7cecb51cbc0354a22554112c54b6fd040771fc7d97ef226c7bc45aa15d9f,1764124,2,2,44100,441020
617,id=617_genre=popular_c-id=130_e-id=35_ic_category_1.wav,462bc224c94c0c941819bd937b2d2bb1e1f79a67d5cb44606a553e31e596480c,1764124,2,2,44100,441020
618,id=618_genre=popular_c-id=521_e-id=78_ic_category_1.wav,93f77d45e12e7cdde0cd1d4457e43070db53d3932a4984de4a2356f6e52935db,1764124,2,2,44100,441020
619,id=619_genre=popular_c-id=711_e-id=12_ic_category_1.wav,02a44006b1f4b8d2d2c68de2396ccfa319b2365809a5457ad66237155b01b5de,1764124,2,2,44100,441020
620,id=620_genre=popular_c-id=528_e-id=115_ic_category_1.wav,bf76fcabcdaa401b3086d1883fd40304f720595f14871ddf6358a9acffdd738d,1764124,2,2,44100,441020
621,id=621_genre=popular_c-id=164_e-id=35_ic_category_1.wav,e0c094c80abb42a8ce44521775f5c0f4841491379adced8ddfbec5c41730b268,1764124,2,2,44100,441020
622,id=622_genre=popular_c-id=190_e-id=78_ic_category_1.wav,eb33a1f70e0662852364c46050205b0d2222e9e20216f8e7b1d250dcb677ef14,1764124,2,2,44100,441020
623,id=623_genre=popular_c-id=267_e-id=70_ic_category_1.wav,de0c1f060e7c2abf78b1712d0c9cea86a65b885a93ca682edb2c7a1f4da06ba3,1764124,2,2,44100,441020
624,id=624_genre=popular_c-id=428_e-id=81_ic_category_1.wav,97d5b13a1d9f7d7dcf422873bc874719f8c15bd7eabe3b5b7ba466725cec619d,1764124,2,2,44100,441020
625,id=625_genre=popular_c-id=440_e-id=5_ic_category_1.wav,5f4df8e22f1db2665ea959323f8e10e85f4e08d9a94517c014b13c0f2253b09f,1764124,2,2,44100,441020
626,id=626_genre=popular_c-id=692_e-id=65_ic_category_1.wav,97c711cbe8e62a5a47c1b1d3bc905f0a12c17e0957806f222a15a6af8e61fdec,1764124,2,2,44100,441020
627,id=627_genre=popular_c-id=468_e-id=49_ic_category_1.wav,161933fc58ae85661b4c4dc0cd871faff6551b1034fda056853701f36c4c9386,1764124,2,2,44100,441020
628,id=628_genre=popular_c-id=184_e-id=22_ic_category_1.wav,7c1170aafc3eca69f77311a03f2fdf90d41ff2cfa72d6822df53c548e228f189,1764124,2,2,44100,441020
629,id=629_genre=popular_c-id=114_e-id=50_ic_category_1.wav,456b371d51069bbfa8e871ac076bfaa41d24d0c598085574f18050fa37bd20a2,1764124,2,2,44100,441020
630,id=630_genre=popular_c-id=352_e-id=50_ic_category_1.wav,c6a8aefd62969ffb87d4d0a07dde45f2e789b9ff478132eb479b6fe2ad62b0f0,1764124,2,2,44100,441020
631,id=631_genre=popular_c-id=732_e-id=33_ic_category_1.wav,46285ea0bfb154ae183fbbe8f600c3bbdca282862bd206be3e4a7288e3c35d8e,1764124,2,2,44100,441020
632,id=632_genre=popular_c-id=683_e-id=37_ic_category_1.wav,e4e0c986f0f22af8d32900eb0052b1e677e6bf84cb0dbaf62af795df8c0caa77,1764124,2,2,44100,441020
633,id=633_genre=popular_c-id=684_e-id=13_ic_category_1.wav,0a20ebaf1f26eb376b5cbf83e85158d47c666ed69d4b5e662f758758172320c1,1764124,2,2,44100,441020
634,id=634_genre=popular_c-id=242_e-id=51_ic_category_1.wav,880e85d11661ab390650f4a58c1a07e26148a267474d417a46b08d739f2848f9,1764124,2,2,44100,441020
635,id=635_genre=popular_c-id=182_e-id=110_ic_category_1.wav,d8e6385864e8c5cc890b33c7919fe2875e8a29fcc2b624bc9911144a8320ae6b,1764124,2,2,44100,441020
636,id=636_genre=popular_c-id=399_e-id=34_ic_category_1.wav,920a5eefd228d81ef3c02c20c3f8f84bbdd72e6bd1472888de952ea9125fc5da,1764124,2,2,44100,441020
637,id=637_genre=popular_c-id=110_e-id=68_ic_category_1.wav,d1641712c783a9676683033f07276506ac01d01f3b82a3daa34758f17362c175,1764124,2,2,44100,441020
638,id=638_genre=popular_c-id=115_e-id=15_ic_category_1.wav,37b4c1dc2954e67c43f5bfd892500c4c9bf269f23af6769fccd74a73e5112ca0,1764124,2,2,44100,441020
639,id=639_genre=popular_c-id=522_e-id=200_ic_category_1.wav,b3475ac0df9e0471cb36ca630afc25ed694c128c104377cf79fc216a7f5cfed2,1764124,2,2,44100,441020
640,id=640_genre=popular_c-id=575_e-id=13_ic_category_1.wav,9eebd577ead5ade627de82cb8ce3d8186e070c9e86806e399b44763282ac7c67,1764124,2,2,44100,441020
641,id=641_genre=popular_c-id=627_e-id=33_ic_category_1.wav,087641064b44bd30ede89ce837e1dee853dabfccd79699f36a4b8add622f2766,1764124,2,2,44100,441020
642,id=642_genre=popular_c-id=44_e-id=95_ic_category_1.wav,734fc456d95e47063b297eb8f4eb16bdde217f8348f8a2c8d60884b679758724,1764124,2,2,44100,441020
643,id=643_genre=popular_c-id=77_e-id=34_ic_category_1.wav,e390a9302fc0cf44c08e398b7ea81760a03f9c328f18c75505a1b3e2f1450a33,1764124,2,2,44100,441020
644,id=644_genre=popular_c-id=650_e-id=35_ic_category_1.wav,d1c338a0f06ecd08e99c77aed98dce33555a0ed269befd96a46d515d91045326,1764124,2,2,44100,441020
645,id=645_genre=popular_c-id=360_e-id=20_ic_category_1.wav,90f4a59602ff6c9fb03b315f2f4b6592338af717b0f94e8a2d392581a6f14361,1764124,2,2,44100,441020
646,id=646_genre=popular_c-id=181_e-id=16_ic_category_1.wav,c9a20f8a30f952f9185144d805d7e23c730365bf6f47793ac3aba5964a9ab1f4,1764124,2,2,44100,441020
647,id=647_genre=popular_c-id=70_e-id=51_ic_category_1.wav,02c1e46b5d800c08814d19d14a7ca3c2d6b099da9b4bf618a0ac4162f5ba5149,1764124,2,2,44100,441020
648,id=648_genre=popular_c-id=530_e-id=35_ic_category_1.wav,027af4d16f312f705bf0e996c8fb7caa7184269ee46b2a140d4e65cf3c822316,1764124,2,2,44100,441020
649,id=649_genre=popular_c-id=323_e-id=112_ic_category_1.wav,55e9e7f7c6b39d94812629c9bb269aae2bb561d23be49e5756f15e52aa63a07f,1764124,2,2,44100,441020
650,id=650_genre=popular_c-id=580_e-id=8_ic_category_1.wav,a6563920dd59a89acce3708981e9dcba75b85ba1a9cddd3abe7627a5e0702c64,1764124,2,2,44100,441020
651,id=651_genre=popular_c-id=104_e-id=110_ic_category_1.wav,a71ad2e788ac9e917de3c65adbdef51760108f619f2d012dbb879243dfe0ce4a,1764124,2,2,44100,441020
652,id=652_genre=popular_c-id=664_e-id=23_ic_category_1.wav,eb45442cf00ff0a77b648b7ef3a92616917946e829c9c3831c3b1bb39984d184,1764124,2,2,44100,441020
653,id=653_genre=popular_c-id=591_e-id=5_ic_category_1.wav,bf34ccf847009096b4658caaba2089064265819c80079a2c7a67c4b46e9a5d3e,1764124,2,2,44100,441020
654,id=654_genre=popular_c-id=645_e-id=17_ic_category_1.wav,9f646de504b14054fd93eedb30edb003a5cc812c4fb0a4d47bb814a597afbd09,1764124,2,2,44100,441020
655,id=655_genre=popular_c-id=605_e-id=53_ic_category_1.wav,b892bae0cb31ec03a8a4ee3ebaba34d4a362c9e6e0813e1b9cb6c274459f3522,1764124,2,2,44100,441020
656,id=656_genre=popular_c-id=270_e-id=56_ic_category_1.wav,dd8c4b0e3e31daeaeaf6bc2e1b9b26e5b24026d171253d75dd17107e20743d9f,1764124,2,2,44100,441020
657,id=657_genre=popular_c-id=423_e-id=30_ic_category_1.wav,e03bceb42d9cdc24e01d3b77dc8c1b8abe09b7f6474d29ab95f5bfd4af896c5c,1764124,2,2,44100,441020
658,id=658_genre=popular_c-id=644_e-id=88_ic_category_1.wav,20e8c793956fe4057958027b6d40f907949309dc73d25fd3259fdb9d910efc0d,1764124,2,2,44100,441020
659,id=659_genre=popular_c-id=406_e-id=63_ic_category_1.wav,b1aa3b1dac1d97edd387e84caf5ba2327abeaa7cd7e6d4e2d66134b0062b7cae,1764124,2,2,44100,441020
660,id=660_genre=popular_c-id=8_e-id=58_ic_category_1.wav,7cbf7a498d0a6ac45ec6185515c23545bdc59d29994e1616b1632b7886161475,1764124,2,2,44100,441020
661,id=661_genre=popular_c-id=620_e-id=40_ic_category_1.wav,f90a1bbe4dea3c9b3e9dd50b54afbd87e4d5523271d8075985454566b7c8674d,1764124,2,2,44100,441020
662,id=662_genre=popular_c-id=731_e-id=105_ic_category_1.wav,0af8ed91fe9c239f0ec873ab03d2874c27140322bce6e81fdb1941aa456dd40c,1764124,2,2,44100,441020
663,id=663_genre=popular_c-id=728_e-id=5_ic_category_1.wav,e9c3dfbd965c973cea5b8c5b7577191b2d2ee62a0f5d0e00eb558d5446a9829a,1764124,2,2,44100,441020
664,id=664_genre=popular_c-id=572_e-id=22_ic_category_1.wav,b8576cfabc2ac811ddd5172d99abd6f6ae7ac6f542d2b166e5a3c4c3f6708486,1764124,2,2,44100,441020
665,id=665_genre=popular_c-id=124_e-id=77_ic_category_1.wav,186a3774b01ce612dc0c5970baa79d72923a82d4fb8d6833f5cd713959904495,1764124,2,2,44100,441020
666,id=666_genre=popular_c-id=146_e-id=63_ic_category_1.wav,2605128ca95b8d06f1ec2f6575afae251aff16c5699aa912a2db7f8da25d4d67,1764124,2,2,44100,441020
667,id=667_genre=popular_c-id=127_e-id=116_ic_category_1.wav,65a4ee6666ebb7855f064cd036f8a978fe40fabda8d6302470e1f1f94aa4f32d,1764124,2,2,44100,441020
668,id=668_genre=popular_c-id=697_e-id=35_ic_category_1.wav,34921b2abd2f937418469e6b3cd2f659f93f536b6eb84f44e7c72b7acc247735,1764124,2,2,44100,441020
669,id=669_genre=popular_c-id=698_e-id=17_ic_category_1.wav,5869a56e6b4d8f4d57d35ebed479c77e7b72770f89c6b76eb0c19af33d90eeee,1764124,2,2,44100,441020
670,id=670_genre=popular_c-id=366_e-id=38_ic_category_1.wav,21428b0c619dad5d041287316270e3f3c8a0a24c37f96c7de2f66f25387225e1,1764124,2,2,44100,441020
671,id=671_genre=popular_c-id=28_e-id=51_ic_category_1.wav,111534637a052d175cab83c1d8a62b20e98e10406db9c93451f92b316ab03391,1764124,2,2,44100,441020
672,id=672_genre=popular_c-id=16_e-id=38_ic_category_1.wav,6cb40c43945f2cd15cf7f7662ae96782e6ccf6369a702aaa617e21a75901547b,1764124,2,2,44100,441020
673,id=673_genre=popular_c-id=153_e-id=19_ic_category_1.wav,7cf7e6f2bf8ad43acd947833ec5c8df299dbe597198699e8e36e0793c3252fd3,1764124,2,2,44100,441020
674,id=674_genre=popular_c-id=183_e-id=13_ic_category_1.wav,f57f1146fbeabd9383ff6571a98028d7404e07bd1e7cf4697776916bffdde5e0,1764124,2,2,44100,441020
675,id=675_genre=popular_c-id=383_e-id=61_ic_category_1.wav,d1fbf75426544d88b43089b30373202db4c89a71e8e35307c082ef17e0fd7dcf,1764124,2,2,44100,441020
676,id=676_genre=popular_c-id=618_e-id=34_ic_category_1.wav,4b998f96cbf65b464191033e4a0d0974bedf8c11158144d77e8b950b78dc9c0b,1764124,2,2,44100,441020
677,id=677_genre=popular_c-id=563_e-id=24_ic_category_1.wav,111534637a052d175cab83c1d8a62b20e98e10406db9c93451f92b316ab03391,1764124,2,2,44100,441020
678,id=678_genre=popular_c-id=724_e-id=44_ic_category_1.wav,db728c30df5c5f88c9a438420ade2d71063186b11908d9d843b8166508108b9b,1764124,2,2,44100,441020
679,id=679_genre=popular_c-id=502_e-id=101_ic_category_1.wav,4a517fc59b2587ccde0e6370bea17ad632fc0cbec0bb2e8bbc4a4957f763ffae,1764124,2,2,44100,441020
680,id=680_genre=popular_c-id=585_e-id=166_ic_category_1.wav,b5f30734dd942990d33e2e7a99194ebf1b03e71dc2fa60f3da412ad89c806140,1764124,2,2,44100,441020
681,id=681_genre=popular_c-id=678_e-id=123_ic_category_1.wav,c36e236f49bda84c7709a08c546232e92ceef557149459126e9301e6b16ceaa9,1764124,2,2,44100,441020
682,id=682_genre=popular_c-id=576_e-id=119_ic_category_1.wav,b41e73977f17fbd5f29570052853551eb578c3c6221b02bf908b5d8c79525f12,1764124,2,2,44100,441020
683,id=683_genre=popular_c-id=129_e-id=56_ic_category_1.wav,8cd0de5addd3737f57e39a70300f87648c28c582b6f57df282bf6755ab77ef9f,1764124,2,2,44100,441020
684,id=684_genre=popular_c-id=483_e-id=63_ic_category_1.wav,edd93be014f8ddfe9e6936df3c0f0a277e3b834a786165a0a58a059af1dbe920,1764124,2,2,44100,441020
685,id=685_genre=popular_c-id=388_e-id=66_ic_category_1.wav,2668fc95040e897937f0094c108a9fb61e809ae3825af9c67c4e472e2a905f6b,1764124,2,2,44100,441020
686,id=686_genre=popular_c-id=250_e-id=94_ic_category_1.wav,ac03aa329b0c4e4a286e31fcdcd50107d1c2a73058cc01ef1dfd17046aace57c,1764124,2,2,44100,441020
687,id=687_genre=popular_c-id=338_e-id=33_ic_category_1.wav,b0f1a73c0111db41a9929b05051072a5c0c70271da92f8d9e59aab0a53af85bc,1764124,2,2,44100,441020
688,id=688_genre=popular_c-id=262_e-id=63_ic_category_1.wav,99f223042caa6a07e86542ffa71f80ba12897c141214357c848dd2b8cee4acbd,1764124,2,2,44100,441020
689,id=689_genre=popular_c-id=301_e-id=66_ic_category_1.wav,b1619c2af47906ee56db678603d4f9dbd9cd47bf9c18bb0a1f9fe874627004b7,1764124,2,2,44100,441020
690,id=690_genre=popular_c-id=37_e-id=37_ic_category_1.wav,860c0b5585cd19125fb05745ae80b7a3b066552ca9e3cc41b4ed9b3242e9b868,1764124,2,2,44100,441020
691,id=691_genre=popular_c-id=389_e-id=58_ic_category_1.wav,1a8b47b1a41ecc5c6bff037fa98985482d4556eb17b4b4a2abfeabeb3552a072,1764124,2,2,44100,441020
692,id=692_genre=popular_c-id=64_e-id=13_ic_category_1.wav,a2378302d6bc44da45255ee58642dc406782783c474bfdb9d90c75f14828c75b,1764124,2,2,44100,441020
693,id=693_genre=popular_c-id=524_e-id=9_ic_category_1.wav,9acab01c8232d01cd865cd0e2076d20c4b7f7b05d74bbba4fd6e2dddd52fa5c0,1764124,2,2,44100,441020
694,id=694_genre=popular_c-id=633_e-id=15_ic_category_1.wav,fff7e031858f1b322685cad5ce197d3f56879538ee195cc812ee06657ca326e3,1764124,2,2,44100,441020
695,id=695_genre=popular_c-id=193_e-id=85_ic_category_1.wav,14d72a49234dcc1ba61da17e68e70007e1c749e4ae9c0c4f331342d8ef3f7ffa,1764124,2,2,44100,441020
696,id=696_genre=popular_c-id=322_e-id=62_ic_category_1.wav,cc8ccb45f4e169b3e2568056d84a9bcf0126522fb7fd8cbb07ca06d581c20fb4,1764124,2,2,44100,441020
697,id=697_genre=popular_c-id=685_e-id=22_ic_category_1.wav,0a1f10ca64d0f3fdea36699a696a87d1bc0905a77ec2019a152290de8cc656b2,1764124,2,2,44100,441020
698,id=698_genre=popular_c-id=640_e-id=48_ic_category_1.wav,dcb0b94f2428ce4ab673d1e5ca6337a390dc6dcc7fd5f4195f7fc5ef51475ce0,1764124,2,2,44100,441020
699,id=699_genre=popular_c-id=105_e-id=95_ic_category_1.wav,df3d7843efaf851c3d1512ca818ac54aba2f087423e3722cc54b319656a39eb0,1764124,2,2,44100,441020
700,id=700_genre=popular_c-id=195_e-id=53_ic_category_1.wav,500b7af9567cb647b3a45ef16a2ae3d417f14f183f483ab2f6ca24874b5f8a60,1764124,2,2,44100,441020
701,id=701_genre=popular_c-id=199_e-id=19_ic_category_1.wav,7326bd9ef4c982c27fa46abbfb77b530a832248a0e0b17bb7e9b34c1d69c66b8,1764124,2,2,44100,441020
702,id=702_genre=popular_c-id=624_e-id=9_ic_category_1.wav,7897df6924b1026af8ea5927a25fe6562d21e4db71893c5ba27c07af45b0709d,1764124,2,2,44100,441020
703,id=703_genre=popular_c-id=140_e-id=42_ic_category_1.wav,b662603ca123a9b0f7582f16807803abaadb4821d2ce4ad670a0d3ba675172f1,1764124,2,2,44100,441020
704,id=704_genre=popular_c-id=135_e-id=31_ic_category_1.wav,08f0441247d3f0d1bdc4527e7b41671679e1a5ff4f4f3e3c7bf158becf4d9d6c,1764124,2,2,44100,441020
705,id=705_genre=popular_c-id=207_e-id=49_ic_category_1.wav,089bd12935b61bcf6d094c0bac1440bf7b28b552c172fc25e31eb67e65f6d02c,1764124,2,2,44100,441020
706,id=706_genre=popular_c-id=128_e-id=84_ic_category_1.wav,43efc7af706e11b2c96672f1f846245c0dab3addabdd3711f6824d982cf0fc31,1764124,2,2,44100,441020
707,id=707_genre=popular_c-id=637_e-id=80_ic_category_1.wav,7e6a2a90c72d1004233bf2bab019a39ff9519673b020339713933f7059d6b895,1764124,2,2,44100,441020
708,id=708_genre=popular_c-id=515_e-id=123_ic_category_1.wav,c6ba056620663eadeddf27f17d4c620caab3bee0f601bbc1ae363639908da778,1764124,2,2,44100,441020
709,id=709_genre=popular_c-id=283_e-id=46_ic_category_1.wav,3630ce6b1ab3feee69cf0f81061e0bd08412d7d378ee5ee62fa933a5bd18e03b,1764124,2,2,44100,441020
710,id=710_genre=popular_c-id=249_e-id=42_ic_category_1.wav,8b239b11585e1e1d5a0a065977d7205892d00c0ef01295531adbc6e4a785dce9,1764124,2,2,44100,441020
711,id=711_genre=popular_c-id=303_e-id=45_ic_category_1.wav,70a16798820e12e2dfc086abfc46f7a4c8911038aa6da60ad8063114aa8ae561,1764124,2,2,44100,441020
712,id=712_genre=popular_c-id=566_e-id=112_ic_category_1.wav,4bf0c3e3a45eb0a0b7919ae6d380cafe3cf6020e283dabad05ad3404f28dbcec,1764124,2,2,44100,441020
713,id=713_genre=popular_c-id=409_e-id=65_ic_category_1.wav,949d96bc65432ce0b8d86005e0d8c68de543ffce984b2e5109462214745b4e6a,1764124,2,2,44100,441020
714,id=714_genre=popular_c-id=363_e-id=82_ic_category_1.wav,6a6962b66e1d5119842d3326746ec16c7a6f1e6412f8be2761155e4c87a8c3bd,1764124,2,2,44100,441020
715,id=715_genre=popular_c-id=123_e-id=66_ic_category_1.wav,c6e866e4bf386b132d7db0f7bdca54dbebdfb6bde5a863ad59267df9f2732f6d,1764124,2,2,44100,441020
716,id=716_genre=popular_c-id=143_e-id=113_ic_category_1.wav,ce23312b67a1be1d2f0bc0670595e410708aab7fb522bcace536f4246b7a2636,1764124,2,2,44100,441020
717,id=717_genre=popular_c-id=312_e-id=41_ic_category_1.wav,6c06c3525e77c3b1669288ff9ecc3cac7ddd1d7088fca0960f3abf22e274b04e,1764124,2,2,44100,441020
718,id=718_genre=popular_c-id=466_e-id=9_ic_category_1.wav,a77f33314df62652e8ad4f4639344d321e5e20ce6da8ed769fa9ba3051e391ad,1764124,2,2,44100,441020
719,id=719_genre=popular_c-id=433_e-id=66_ic_category_1.wav,7c1ba5aa8eadbd5e42cc79046fbaf4dd299a41006d0f3a339ce424925b5dc19e,1764124,2,2,44100,441020
720,id=720_genre=popular_c-id=523_e-id=88_ic_category_1.wav,a89ee04d4bd91a7174bbd7341c6c2e1c8477c565104bae77dfba4c66d8dffa61,1764124,2,2,44100,441020
721,id=721_genre=popular_c-id=671_e-id=57_ic_category_1.wav,61bae14c2470def8a8f3d183354da8954bcd3c4569c3273e047e5db57076e8dd,1764124,2,2,44100,441020
722,id=722_genre=popular_c-id=486_e-id=49_ic_category_1.wav,bc0b2c17e799acb8b218ac11077b0052893ce788f88c7c60081f9fc0f7e6ad59,1764124,2,2,44100,441020
723,id=723_genre=popular_c-id=205_e-id=75_ic_category_1.wav,bf7e3300ee1a4dc924bb9d53646a3252a605de0fd85f8716efce6d91ad11deed,1764124,2,2,44100,441020
724,id=724_genre=popular_c-id=295_e-id=57_ic_category_1.wav,d0c81badbbbf42664f17dd300ac5000d8703bfc33a95394dec1e4f4e042c4f7d,1764124,2,2,44100,441020
725,id=725_genre=popular_c-id=326_e-id=41_ic_category_1.wav,93ab7a70b809e1d19660fc40dc33b32b8ff28604fe9c32aa13f256087632cf7a,1764124,2,2,44100,441020
726,id=726_genre=popular_c-id=704_e-id=18_ic_category_1.wav,4d301bed5f9c876598445c44f1dc472ca2e32cf5487e98a399b4edbce337e2c9,1764124,2,2,44100,441020
727,id=727_genre=popular_c-id=473_e-id=28_ic_category_1.wav,f8535f9f8b68143bf48567ccf406dcf458ee2ee4d8efb7fa01d9709f67d73528,1764124,2,2,44100,441020
728,id=728_genre=popular_c-id=311_e-id=49_ic_category_1.wav,2e9abd378a7aa7f73f365fa9116c0581637b86894a01436596264396d014a3b3,1764124,2,2,44100,441020
729,id=729_genre=popular_c-id=465_e-id=82_ic_category_1.wav,5a901806049f5963429fd77a81783508b5b56452d263c4f7c2fe8722c8331d4a,1764124,2,2,44100,441020
730,id=730_genre=popular_c-id=333_e-id=29_ic_category_1.wav,6d2e9277828c87f5b4c469445d5f640c4660bbba325247b212b51e62a4d21d6c,1764124,2,2,44100,441020
731,id=731_genre=popular_c-id=289_e-id=66_ic_category_1.wav,957cf6c0e3448d38539aeb091068d814cf446cd9876d939cf22e67839f476675,1764124,2,2,44100,441020
732,id=732_genre=popular_c-id=503_e-id=60_ic_category_1.wav,aa5ddeecc2c8860cfff7758950fdc3bfc78192493137bfb4d5bbcbfcb5221b4c,1764124,2,2,44100,441020
733,id=733_genre=popular_c-id=189_e-id=44_ic_category_1.wav,2a4db7b9f9fb24b7b7dedb59cd262b846e7e0c643c29706365e318a803942123,1764124,2,2,44100,441020
734,id=734_genre=popular_c-id=204_e-id=113_ic_category_1.wav,6bdeb422d9db0988854e6838c5384e46b04cd6be30f82de3d37ad81f0084092b,1764124,2,2,44100,441020
735,id=735_genre=popular_c-id=663_e-id=10_ic_category_1.wav,d269455359e76e0886b18ff077e20f846875a2f28c260867be8b9e43067f9263,1764124,2,2,44100,441020
736,id=736_genre=popular_c-id=570_e-id=156_ic_category_1.wav,99adbcdf12c3aeeba7da63f6c136e6d5106567a3567f9c87d6eaab1891e3980a,1764124,2,2,44100,441020
737,id=737_genre=popular_c-id=72_e-id=26_ic_category_1.wav,ca1217a3a2580f3d74d4035cbc52aab1598c68d4a05a901b4e2a0870305c2f06,1764124,2,2,44100,441020
738,id=738_genre=popular_c-id=66_e-id=54_ic_category_1.wav,b5a88d58ab3598d5f468cb1123e10444a28cb08d296e91c81e5eb16bfcd05f84,1764124,2,2,44100,441020
739,id=739_genre=popular_c-id=197_e-id=21_ic_category_1.wav,72f33f629f7c98a86fd91423f20fa161ef846e68d82bd04e67887f7d54f41147,1764124,2,2,44100,441020
740,id=740_genre=popular_c-id=52_e-id=97_ic_category_1.wav,8e5dd759626dffafa44bf71ec5d8188d5dfd0528ca7f6f1bc614ba62cb2822b1,1764124,2,2,44100,441020
741,id=741_genre=popular_c-id=589_e-id=107_ic_category_1.wav,09cd1d6c229d47d6537a94fc3929811bf981a22c84f5f8f50c7c0803a2d058fa,1764124,2,2,44100,441020
742,id=742_genre=popular_c-id=24_e-id=68_ic_category_1.wav,ac7cce46bdd6a191dda4823bf200ae25c451f7954ed487020564ac5d185ec980,1764124,2,2,44100,441020
743,id=743_genre=popular_c-id=381_e-id=95_ic_category_1.wav,da5dd8de47418d33dbac4dd00eed963a3d76d227c87684ecffe8d225f75cbd48,1764124,2,2,44100,441020
744,id=744_genre=popular_c-id=308_e-id=78_ic_category_1.wav,dbc0de1174e819be085ae94b432940e622168a2196bddaddfdcf9d9402ae0ac9,1764124,2,2,44100,441020
745,id=745_genre=popular_c-id=427_e-id=43_ic_category_1.wav,9abd32fdcde884914be623618aea7567f9b4224c3e2a3b8f969db3de601609ea,1764124,2,2,44100,441020
746,id=746_genre=popular_c-id=296_e-id=54_ic_category_1.wav,972347821013496cc0e82c436bb553084d6361511f960f7de97d9e2a6dff3653,1764124,2,2,44100,441020
747,id=747_genre=popular_c-id=510_e-id=159_ic_category_1.wav,06bfee389a35a4eecefee9219fc515cd698878319f98d2687a8c33ce8e04bb30,1764124,2,2,44100,441020
748,id=748_genre=popular_c-id=603_e-id=46_ic_category_1.wav,781de7af18cae55ea39342391c2a7b97a19eccd5687b2dd34afc6c4a3aa94c38,1764124,2,2,44100,441020
749,id=749_genre=popular_c-id=227_e-id=28_ic_category_1.wav,53668e47bd9642db69f896805e4c9d96c715b6bfdafcb6cb340a5414d605791d,1764124,2,2,44100,441020
750,id=750_genre=popular_c-id=27_e-id=58_ic_category_1.wav,eef340cfbdfeb3f871246c4c026a807cf0697dca45644083cba4a228f90078c3,1764124,2,2,44100,441020
751,id=751_genre=popular_c-id=96_e-id=87_ic_category_1.wav,295714aa631d203a79af39fbbd3a56eedc9a43b4b2e6a64301eff3536dc9eed6,1764124,2,2,44100,441020
752,id=752_genre=popular_c-id=307_e-id=18_ic_category_1.wav,9ee016b01482a6c46c767f1bd9b4f2884f68af17177628ad0fa4473acd01e2fa,1764124,2,2,44100,441020
753,id=753_genre=popular_c-id=513_e-id=33_ic_category_1.wav,c2c405d9abd1a0177a29c5c5a46194b646f7d4ea52f85f3e054942bc8f1bb7f2,1764124,2,2,44100,441020
754,id=754_genre=popular_c-id=277_e-id=31_ic_category_1.wav,d2853060ee2f7f915248a98a01f78d5bc3c482614ecd0f0428ed89511f4762cf,1764124,2,2,44100,441020
755,id=755_genre=popular_c-id=144_e-id=50_ic_category_1.wav,c382ead27e227c0e1f8e0441229bcf6a11e751ffbeece7399798624b13a91dc2,1764124,2,2,44100,441020
756,id=756_genre=popular_c-id=111_e-id=143_ic_category_1.wav,0cbb7cf8e2df4abe5602a5580de8943ccbd8c756938561d3aeb49a303c47e0b9,1764124,2,2,44100,441020
757,id=757_genre=popular_c-id=202_e-id=32_ic_category_1.wav,e4302707541d33917a4752f3e1183cd75c76dd67f1107200ea36a6e9501a44e8,1764124,2,2,44100,441020
758,id=758_genre=popular_c-id=351_e-id=9_ic_category_1.wav,f711fac45583b999210d379e9b1f902129de5bcdace36ad4f9d02b4860748d11,1764124,2,2,44100,441020
759,id=759_genre=popular_c-id=594_e-id=109_ic_category_1.wav,99a5da43b83ba66aab4d03f65c69fdfae6e36f50c16627500b073e1d633fd47e,1764124,2,2,44100,441020
760,id=760_genre=popular_c-id=345_e-id=94_ic_category_1.wav,52a342cdbec651d89310a517a8f915f84272b7d3dd50aaa850e2c06c392039da,1764124,2,2,44100,441020
761,id=761_genre=popular_c-id=173_e-id=56_ic_category_1.wav,211c5a439c2b42c164f8c31780a862731c76142a0eb679787b3be3c506397fdd,1764124,2,2,44100,441020
762,id=762_genre=popular_c-id=57_e-id=74_ic_category_1.wav,f242776a00dab13ca87d01435bdca8db079cd964d62aa2a7c7cf4e36cc335a27,1764124,2,2,44100,441020
763,id=763_genre=popular_c-id=583_e-id=76_ic_category_1.wav,79c13f720338be8fd0f2bb9a8fd26a2a3d14cd23a35a62a22794ad683ae20896,1764124,2,2,44100,441020
764,id=764_genre=popular_c-id=669_e-id=126_ic_category_1.wav,e98bca00fde93e7ff37159daba59b97abdda4c93739ac64466cc2874ce294605,1764124,2,2,44100,441020
765,id=765_genre=popular_c-id=422_e-id=31_ic_category_1.wav,caf6df81de78cf91bd5230d1f00b33086bedd28a05c03353901e2818dd85dc8d,1764124,2,2,44100,441020
766,id=766_genre=popular_c-id=224_e-id=75_ic_category_1.wav,0928f974bc0b7729f99de63061422a005bdde3234dbb41d40410d390a62fd417,1764124,2,2,44100,441020
767,id=767_genre=popular_c-id=442_e-id=29_ic_category_1.wav,78236a1159dec3954624555f74c899b8df99a374dc999fe40c3a827d9510a6aa,1764124,2,2,44100,441020
768,id=768_genre=popular_c-id=415_e-id=5_ic_category_1.wav,3d35d918de7e9c480b8e4c2202cb7b9259b785b8cfa1af9337aa41d6b63cbf5d,1764124,2,2,44100,441020
769,id=769_genre=popular_c-id=177_e-id=6_ic_category_1.wav,324814b82c98121b057a536fb6b859874d239f11c853ee88592142b8c9bc3e23,1764124,2,2,44100,441020
770,id=770_genre=popular_c-id=136_e-id=42_ic_category_1.wav,1deae9bf514e53280329a3aa2051b4283e035d75da2620eca6c692ed4a6ab8a5,1764124,2,2,44100,441020
771,id=771_genre=popular_c-id=294_e-id=79_ic_category_1.wav,0e17f8a9c0456159ed7a13af22731b36b25c1c021307d495350cf92eb32aec8e,1764124,2,2,44100,441020
772,id=772_genre=popular_c-id=484_e-id=45_ic_category_1.wav,b1ca38a1ce9c1204468932e3c0bd6a734dd16f0ad438cffe1432fcc69b600db7,1764124,2,2,44100,441020
773,id=773_genre=popular_c-id=378_e-id=79_ic_category_1.wav,8cd42ab65b1ae1fd8a1647ea0a02633847f710b94a1b906fc3a11a2e367646af,1764124,2,2,44100,441020
774,id=774_genre=popular_c-id=274_e-id=63_ic_category_1.wav,28f7300f180fe6ed7bb6f857428780fd33bb47a61a647494d3b3acbe4462c8f0,1764124,2,2,44100,441020
775,id=775_genre=popular_c-id=317_e-id=29_ic_category_1.wav,f97fdcdcdec3e813f4e426e4211350cd9697608d711fdac5b12106121183d14a,1764124,2,2,44100,441020
776,id=776_genre=popular_c-id=573_e-id=49_ic_category_1.wav,1ea06770f30259ea9bc76ce07999d416d5055d4a2df045f2882d4348deb4bed8,1764124,2,2,44100,441020
777,id=777_genre=popular_c-id=475_e-id=247_ic_category_1.wav,cdfe2fd05c85a8048ec6ca9d599f6d037991f673d3aa4903aa60366f19861538,1764124,2,2,44100,441020
778,id=778_genre=popular_c-id=276_e-id=68_ic_category_1.wav,db2e4faf4edd0ffb72abd6cef1a771c77fd83fcab1dc9edb6afc7d13fcd84025,1764124,2,2,44100,441020
779,id=779_genre=popular_c-id=169_e-id=37_ic_category_1.wav,c6f682b8149a4bd9d0241963dc0923c3b12237d28d231ac926fedf54b6d778ac,1764124,2,2,44100,441020
780,id=780_genre=popular_c-id=273_e-id=32_ic_category_1.wav,ea3619de20157fa4e7bc933836509789522cbbd60dda8d369be4793068e52a16,1764124,2,2,44100,441020
781,id=781_genre=popular_c-id=350_e-id=34_ic_category_1.wav,6b7c04798e9b72dcb0edba69dbafef3663658e344f26a47caf822be16aff269e,1764124,2,2,44100,441020
782,id=782_genre=popular_c-id=198_e-id=66_ic_category_1.wav,8cd7c8588f9b0abebb0a6eeea7712d5a290ef66d3c005eea0f3c4bbb06b75574,1764124,2,2,44100,441020
783,id=783_genre=popular_c-id=75_e-id=119_ic_category_1.wav,2bc9882bbe9b618ab5e66da6a3c32a1ba856ceb8432e555fea733bed19f05a72,1764124,2,2,44100,441020
784,id=784_genre=popular_c-id=29_e-id=38_ic_category_1.wav,e77cd16a1632b68c3981f3618454a59b2be16d3dd62a8771c5306b37fd57d011,1764124,2,2,44100,441020
785,id=785_genre=popular_c-id=450_e-id=47_ic_category_1.wav,c94ad704aff32d3e33867311d30e1c81272c81ffc782f2acc61746e7cdbcdf03,1764124,2,2,44100,441020
786,id=786_genre=popular_c-id=632_e-id=40_ic_category_1.wav,82ee44fb42cc231e540e0d82967b0b4908ce054dee0dd5bad806820cc5d4e121,1764124,2,2,44100,441020
787,id=787_genre=popular_c-id=282_e-id=42_ic_category_1.wav,5c9c8309c2316dadcbcc936e24ecfc8a3344b157122a4dbd45f533f78d2e62aa,1764124,2,2,44100,441020
788,id=788_genre=popular_c-id=494_e-id=36_ic_category_1.wav,d867d2ac4a2696cf4952a8b33e87c17ea6c38e984aecded195238411989a4af9,1764124,2,2,44100,441020
789,id=789_genre=popular_c-id=539_e-id=17_ic_category_1.wav,11e5a09e600dd36bdabe4419fe9eead5adfe0b7fd70969d5b313bb5c72132401,1764124,2,2,44100,441020
790,id=790_genre=popular_c-id=325_e-id=252_ic_category_1.wav,04d278d4c744539ada7c6888ab57519bcc888c0f9883c71f1a0a6f85ba99ff44,1764124,2,2,44100,441020
791,id=791_genre=popular_c-id=509_e-id=18_ic_category_1.wav,154a8c0edf548d0ef487ebc2c57848d2477879af025faccf8d336f3c8d3763a7,1764124,2,2,44100,441020
792,id=792_genre=popular_c-id=574_e-id=92_ic_category_1.wav,bfd58297abcdd8c8281d82829f117657a2ed4826c62858ebb9c1fd01b56484d4,1764124,2,2,44100,441020
793,id=793_genre=popular_c-id=38_e-id=57_ic_category_1.wav,813953311606136252d17c5e521135c31e58175b231abdeec3aa5c1c3db4bbbd,1764124,2,2,44100,441020
794,id=794_genre=popular_c-id=354_e-id=24_ic_category_1.wav,83d8b736230d0f540b656b20804641d19d5bc11086c3da3e8abf5fbaf2ff2846,1764124,2,2,44100,441020
795,id=795_genre=popular_c-id=192_e-id=82_ic_category_1.wav,1cf8336ad8f076506a9287feb22d5cfb4b06ace618f3550bb8a9fe188f62a8e8,1764124,2,2,44100,441020
796,id=796_genre=popular_c-id=216_e-id=113_ic_category_1.wav,e254b9ba245638688100116476cebc6fe929f2f5b511d094ddf42352daba5ed6,1764124,2,2,44100,441020
797,id=797_genre=popular_c-id=628_e-id=78_ic_category_1.wav,0c109d36505b8e44f67943cda3acfbf0e0b3bf4d33a1eb6cfbd4a6cf948df0ea,1764124,2,2,44100,441020
798,id=798_genre=popular_c-id=517_e-id=11_ic_category_1.wav,14d94be0c926c4292385b4952d71a1a8a3839c935c786ca3315c7854c313d858,1764124,2,2,44100,441020
799,id=799_genre=popular_c-id=10_e-id=40_ic_category_1.wav,d7c2c18d58252d45713c557477ac6dbf95c3ecbe0621d38edbc95f05c19f0896,1764124,2,2,44100,441020
800,id=800_genre=popular_c-id=332_e-id=40_ic_category_1.wav,abbda6364b47d168a922b83b5c0aec5c764fe6523016b2164942029a9a4f773d,1764124,2,2,44100,441020
801,id=801_genre=popular_c-id=420_e-id=36_ic_category_1.wav,607b400b5c969f9c193ef72ad2c6b8912ff5d6e2c41de9e78f19fd3db5154a6e,1764124,2,2,44100,441020
802,id=802_genre=popular_c-id=260_e-id=12_ic_category_1.wav,28d63b4cd0ba3f9d387d5b7af83c53db7bbbbf1526e82245fcbc5868897eff0a,1764124,2,2,44100,441020
803,id=803_genre=popular_c-id=269_e-id=119_ic_category_1.wav,d07f1c4fba5371391be4a646d9eec5021e757f6c872a2145281b63e2df6d2eb5,1764124,2,2,44100,441020
804,id=804_genre=popular_c-id=137_e-id=91_ic_category_1.wav,0009a712246760be7fb59d6577c91197e44fd1888e64191b5e83afb9cd00f246,1764124,2,2,44100,441020
805,id=805_genre=popular_c-id=92_e-id=23_ic_category_1.wav,2a9c7f487d8d2bbc7d6cef0527b85302bbafc4596b09f9450f1aa350db533dd4,1764124,2,2,44100,441020
806,id=806_genre=popular_c-id=535_e-id=23_ic_category_1.wav,919a6d21b3f94395ef0eec6f6cc59cd307c5525ed1b69d2467fb2c2bfa24c27b,1764124,2,2,44100,441020
807,id=807_genre=popular_c-id=246_e-id=24_ic_category_1.wav,c1442b7be4753828df2dc7cd0f3679609ff67aecb7c131e28864425f3d243261,1764124,2,2,44100,441020
808,id=808_genre=popular_c-id=725_e-id=69_ic_category_1.wav,27efd6c6ad144d5e99c7693264345cd759f73dea88a56db94703f7106eb484e5,1764124,2,2,44100,441020
809,id=809_genre=popular_c-id=155_e-id=90_ic_category_1.wav,9f34e3426686d25a56b6777b87e4e9acdf7ed35a2cf543eb8b8a31140bfe8ce0,1764124,2,2,44100,441020
810,id=810_genre=popular_c-id=159_e-id=66_ic_category_1.wav,0e17f8a9c0456159ed7a13af22731b36b25c1c021307d495350cf92eb32aec8e,1764124,2,2,44100,441020
811,id=811_genre=popular_c-id=498_e-id=96_ic_category_1.wav,a23900456c95dfbd7d6611c70a6d1d5fe86d10532a4cca1efeb39a6a4c8eefbd,1764124,2,2,44100,441020
812,id=812_genre=popular_c-id=131_e-id=62_ic_category_1.wav,5201b6c4f7602e8723b3094cbe3fb4e94e3c8a269f2f85740f85b43f7a976629,1764124,2,2,44100,441020
813,id=813_genre=popular_c-id=40_e-id=83_ic_category_1.wav,c5c435b5bc6f93ad395c740f106905ced8814ed5fd876db5b430df4ec1916af2,1764124,2,2,44100,441020
814,id=814_genre=popular_c-id=305_e-id=21_ic_category_1.wav,464d5741b524024fea54c0fb811997b54a626a4355b3d633fced3e59198d7e7c,1764124,2,2,44100,441020
815,id=815_genre=popular_c-id=717_e-id=120_ic_category_1.wav,2c36efe788f36d8d7c8f4e460d3c4a8f71417a71b31259c1255148d22aca23d7,1764124,2,2,44100,441020
816,id=816_genre=popular_c-id=635_e-id=13_ic_category_1.wav,ba1cb05daf24c0e1e4c56551cd3e6bc19f3ba52af82d8a5173a06ee4eff3aaf3,1764124,2,2,44100,441020
817,id=817_genre=popular_c-id=356_e-id=61_ic_category_1.wav,07ba4e6e37bb12010ec6a174bef6c787859e0f4c82e36aa66cf2694ba5c390e4,1764124,2,2,44100,441020
818,id=818_genre=popular_c-id=21_e-id=65_ic_category_1.wav,1b5502c5cd58225911ea255a9f5c6542b29f17151de92f7496ec09e23aaf37b9,1764124,2,2,44100,441020
819,id=819_genre=popular_c-id=430_e-id=211_ic_category_1.wav,cd4033c0764782dc80bef194e0700ece3ac040cb21e6e051e261dd579a056368,1764124,2,2,44100,441020
820,id=820_genre=popular_c-id=62_e-id=11_ic_category_1.wav,633dfd2037862c442af4c025d2a90783cb367c890ea6d2ed88084f5673ca629c,1764124,2,2,44100,441020
